dia,sensor,lote,temp_d,temp_f_acima,temp_f_abaixo,n_medidas
1,s1,I,0,0,528,528
2,s1,I,0,0,450,450
3,s1,I,0,0,287,287
4,s1,I,0,0,285,285
5,s1,I,0,0,287,287
6,s1,I,0,0,285,285
7,s1,I,0,0,287,287
8,s1,I,0,0,287,287
9,s1,I,0,0,286,286
10,s1,I,6,0,279,285
11,s1,I,8,0,280,288
12,s1,I,0,0,282,282
13,s1,I,0,0,285,285
14,s1,I,0,0,285,285
15,s1,I,23,0,264,287
16,s1,I,0,0,220,220
18,s1,I,0,0,77,77
19,s1,I,0,0,286,286
20,s1,I,70,0,217,287
21,s1,I,55,49,184,288
22,s1,I,37,78,170,285
23,s1,I,72,42,171,285
24,s1,I,73,47,168,288
25,s1,I,136,5,145,286
26,s1,I,135,23,129,287
27,s1,I,141,14,131,286
28,s1,I,88,116,0,204
29,s1,I,109,130,0,239
30,s1,I,18,263,0,281
31,s1,I,47,234,0,281
32,s1,I,147,66,74,287
33,s1,I,48,60,178,286
34,s1,I,88,52,146,286
35,s1,I,78,98,111,287
36,s1,I,70,94,123,287
37,s1,I,168,70,48,286
38,s1,I,176,59,52,287
39,s1,I,158,61,66,285
40,s1,I,126,95,63,284
41,s1,I,116,146,23,285
42,s1,I,71,37,9,117
1,s10,I,0,0,138,138
2,s10,I,11,0,130,141
3,s10,I,7,0,132,139
4,s10,I,13,0,128,141
5,s10,I,0,0,140,140
6,s10,I,0,0,142,142
7,s10,I,0,0,141,141
8,s10,I,41,0,98,139
9,s10,I,39,0,103,142
10,s10,I,37,0,103,140
11,s10,I,27,0,112,139
12,s10,I,2,0,138,140
13,s10,I,125,1,15,141
14,s10,I,69,0,75,144
15,s10,I,49,3,88,140
16,s10,I,0,0,108,108
18,s10,I,0,0,38,38
19,s10,I,5,0,135,140
20,s10,I,44,0,97,141
21,s10,I,24,32,85,141
22,s10,I,20,41,77,138
23,s10,I,32,25,83,140
24,s10,I,20,37,85,142
25,s10,I,52,22,68,142
26,s10,I,55,49,37,141
27,s10,I,47,45,49,141
28,s10,I,33,62,7,102
29,s10,I,59,81,0,140
30,s10,I,0,141,0,141
31,s10,I,0,141,0,141
32,s10,I,60,50,33,143
33,s10,I,20,36,85,141
34,s10,I,53,31,59,143
35,s10,I,28,57,58,143
36,s10,I,38,65,38,141
37,s10,I,50,82,8,140
38,s10,I,42,91,9,142
39,s10,I,33,86,22,141
40,s10,I,56,83,0,139
41,s10,I,30,110,0,140
42,s10,I,31,29,0,60
1,s11,I,0,0,143,143
2,s11,I,10,0,133,143
3,s11,I,5,0,137,142
4,s11,I,11,0,133,144
5,s11,I,0,0,139,139
6,s11,I,0,0,141,141
7,s11,I,0,0,139,139
8,s11,I,26,0,118,144
9,s11,I,33,0,110,143
10,s11,I,38,0,105,143
11,s11,I,28,0,114,142
12,s11,I,0,0,141,141
13,s11,I,108,0,34,142
14,s11,I,45,0,95,140
15,s11,I,48,0,95,143
16,s11,I,0,0,108,108
18,s11,I,2,0,37,39
19,s11,I,3,0,133,136
20,s11,I,41,0,99,140
21,s11,I,27,26,88,141
22,s11,I,22,36,84,142
23,s11,I,33,21,86,140
24,s11,I,32,24,88,144
25,s11,I,44,32,68,144
26,s11,I,36,53,53,142
27,s11,I,54,26,64,144
28,s11,I,46,57,0,103
29,s11,I,65,75,0,140
30,s11,I,4,137,0,141
31,s11,I,4,136,0,140
32,s11,I,73,22,47,142
33,s11,I,25,26,92,143
34,s11,I,48,18,77,143
35,s11,I,30,47,65,142
36,s11,I,30,50,63,143
37,s11,I,46,66,28,140
38,s11,I,56,72,14,142
39,s11,I,42,70,27,139
40,s11,I,37,81,24,142
41,s11,I,37,105,0,142
42,s11,I,25,33,0,58
1,s12,I,0,0,143,143
2,s12,I,12,0,131,143
3,s12,I,0,0,142,142
4,s12,I,7,0,136,143
5,s12,I,0,0,141,141
6,s12,I,0,0,143,143
7,s12,I,0,0,140,140
8,s12,I,42,0,102,144
9,s12,I,36,0,107,143
10,s12,I,50,3,88,141
11,s12,I,34,0,107,141
12,s12,I,2,0,139,141
13,s12,I,129,1,12,142
14,s12,I,48,4,91,143
15,s12,I,47,10,87,144
16,s12,I,0,0,109,109
18,s12,I,0,0,39,39
19,s12,I,17,0,125,142
20,s12,I,103,8,32,143
21,s12,I,53,41,47,141
22,s12,I,15,46,83,144
23,s12,I,24,34,85,143
24,s12,I,22,40,80,142
25,s12,I,25,49,69,143
26,s12,I,50,61,31,142
27,s12,I,37,58,48,143
28,s12,I,25,68,9,102
29,s12,I,52,89,0,141
30,s12,I,0,141,0,141
31,s12,I,0,139,0,139
32,s12,I,60,56,26,142
33,s12,I,17,38,88,143
34,s12,I,56,33,55,144
35,s12,I,33,56,54,143
36,s12,I,43,67,33,143
37,s12,I,45,93,6,144
38,s12,I,40,94,7,141
39,s12,I,34,88,20,142
40,s12,I,52,89,0,141
41,s12,I,26,115,0,141
42,s12,I,30,29,0,59
1,s13,I,0,0,288,288
2,s13,I,51,0,237,288
3,s13,I,36,0,250,286
4,s13,I,34,0,249,283
5,s13,I,0,0,287,287
6,s13,I,0,0,287,287
7,s13,I,0,0,286,286
8,s13,I,98,0,190,288
9,s13,I,98,0,187,285
10,s13,I,106,8,174,288
11,s13,I,88,0,198,286
12,s13,I,22,0,262,284
13,s13,I,228,4,52,284
14,s13,I,155,2,127,284
15,s13,I,74,36,178,288
16,s13,I,0,0,221,221
18,s13,I,8,0,66,74
19,s13,I,48,0,237,285
20,s13,I,96,15,173,284
21,s13,I,52,83,147,282
22,s13,I,36,99,148,283
23,s13,I,88,65,131,284
24,s13,I,60,82,145,287
25,s13,I,73,96,116,285
26,s13,I,135,128,24,287
27,s13,I,108,123,57,288
28,s13,I,48,152,0,200
29,s13,I,32,244,0,276
30,s13,I,0,285,0,285
31,s13,I,0,278,0,278
32,s13,I,111,151,8,270
33,s13,I,66,93,124,283
34,s13,I,166,86,35,287
35,s13,I,74,142,71,287
36,s13,I,105,144,35,284
37,s13,I,72,212,0,284
38,s13,I,69,170,0,239
39,s13,I,76,172,0,248
40,s13,I,100,182,0,282
41,s13,I,47,229,0,276
42,s13,I,58,60,0,118
1,s14,I,0,0,285,285
2,s14,I,0,0,287,287
3,s14,I,0,0,286,286
4,s14,I,10,0,274,284
5,s14,I,0,0,284,284
6,s14,I,0,0,286,286
7,s14,I,0,0,282,282
8,s14,I,0,0,285,285
9,s14,I,34,0,251,285
10,s14,I,63,0,218,281
11,s14,I,40,0,238,278
12,s14,I,0,0,283,283
13,s14,I,126,0,157,283
14,s14,I,87,0,189,276
15,s14,I,92,2,188,282
16,s14,I,0,0,210,210
18,s14,I,9,0,67,76
19,s14,I,9,0,274,283
20,s14,I,101,0,181,282
21,s14,I,60,59,164,283
22,s14,I,34,89,164,287
23,s14,I,73,48,161,282
24,s14,I,54,62,170,286
25,s14,I,86,66,135,287
26,s14,I,115,114,82,311
27,s14,I,111,61,111,283
28,s14,I,77,132,0,209
29,s14,I,80,249,0,329
30,s14,I,4,278,0,282
31,s14,I,0,279,0,279
32,s14,I,136,85,64,285
33,s14,I,58,66,160,284
34,s14,I,173,66,49,288
35,s14,I,75,107,105,287
36,s14,I,86,119,80,285
37,s14,I,93,166,24,283
38,s14,I,87,172,17,276
39,s14,I,74,160,49,283
40,s14,I,107,169,5,281
41,s14,I,53,230,0,283
42,s14,I,23,96,0,119
1,s15,I,0,0,286,286
2,s15,I,56,0,232,288
3,s15,I,38,0,247,285
4,s15,I,32,0,251,283
5,s15,I,0,0,284,284
6,s15,I,0,0,284,284
7,s15,I,0,0,287,287
8,s15,I,69,0,217,286
9,s15,I,67,6,210,283
10,s15,I,100,7,178,285
11,s15,I,71,3,202,276
12,s15,I,9,0,272,281
13,s15,I,120,1,160,281
14,s15,I,91,29,164,284
15,s15,I,45,62,177,284
16,s15,I,1,0,218,219
18,s15,I,34,0,41,75
19,s15,I,72,0,210,282
20,s15,I,88,70,122,280
21,s15,I,119,98,64,281
22,s15,I,47,106,132,285
23,s15,I,111,69,101,281
24,s15,I,48,85,153,286
25,s15,I,55,104,125,284
26,s15,I,162,125,0,287
27,s15,I,131,116,36,283
28,s15,I,53,148,0,201
29,s15,I,0,277,0,277
30,s15,I,0,284,0,284
31,s15,I,0,279,0,279
32,s15,I,115,160,8,283
33,s15,I,60,77,145,282
34,s15,I,167,101,14,282
35,s15,I,155,122,9,286
36,s15,I,98,136,49,283
37,s15,I,73,202,10,285
38,s15,I,89,199,0,288
39,s15,I,56,195,33,284
40,s15,I,96,186,0,282
41,s15,I,51,231,0,282
42,s15,I,54,65,0,119
1,s16,I,0,0,141,141
2,s16,I,34,0,110,144
3,s16,I,35,0,82,117
4,s16,I,19,0,103,122
5,s16,I,3,0,121,124
6,s16,I,12,0,112,124
7,s16,I,1,0,119,120
8,s16,I,102,8,10,120
9,s16,I,118,8,9,135
10,s16,I,115,5,14,134
11,s16,I,98,1,43,142
12,s16,I,26,0,102,128
13,s16,I,91,1,44,136
14,s16,I,112,1,17,130
15,s16,I,82,21,35,138
16,s16,I,6,0,98,104
18,s16,I,10,0,26,36
19,s16,I,28,0,107,135
20,s16,I,126,0,10,136
21,s16,I,50,39,49,138
22,s16,I,18,48,70,136
23,s16,I,38,30,68,136
24,s16,I,24,39,79,142
25,s16,I,31,46,63,140
26,s16,I,54,65,21,140
27,s16,I,47,55,36,138
28,s16,I,31,69,0,100
29,s16,I,30,110,0,140
30,s16,I,0,139,0,139
31,s16,I,0,138,0,138
32,s16,I,54,73,14,141
33,s16,I,26,43,71,140
34,s16,I,60,38,46,144
35,s16,I,19,68,56,143
36,s16,I,46,73,24,143
37,s16,I,42,100,0,142
38,s16,I,42,99,0,141
39,s16,I,49,91,2,142
40,s16,I,51,87,0,138
41,s16,I,26,115,0,141
42,s16,I,22,37,0,59
1,s17,I,0,0,142,142
2,s17,I,10,0,131,141
3,s17,I,6,0,136,142
4,s17,I,8,0,134,142
5,s17,I,0,0,143,143
6,s17,I,0,0,141,141
7,s17,I,0,0,142,142
8,s17,I,111,0,31,142
9,s17,I,121,0,20,141
10,s17,I,121,0,21,142
11,s17,I,89,0,53,142
12,s17,I,20,0,121,141
13,s17,I,98,0,45,143
14,s17,I,110,0,31,141
15,s17,I,66,12,62,140
16,s17,I,0,0,106,106
18,s17,I,8,0,28,36
19,s17,I,22,0,121,143
20,s17,I,124,5,11,140
21,s17,I,55,34,52,141
22,s17,I,20,42,79,141
23,s17,I,37,25,76,138
24,s17,I,24,34,85,143
25,s17,I,35,41,62,138
26,s17,I,55,55,32,142
27,s17,I,44,43,53,140
28,s17,I,29,72,0,101
29,s17,I,31,105,0,136
30,s17,I,0,137,0,137
31,s17,I,0,139,0,139
32,s17,I,67,37,37,141
33,s17,I,21,32,87,140
34,s17,I,60,31,48,139
35,s17,I,32,54,53,139
36,s17,I,29,61,50,140
37,s17,I,49,78,15,142
38,s17,I,53,76,11,140
39,s17,I,36,78,25,139
40,s17,I,52,85,2,139
41,s17,I,24,107,0,131
42,s17,I,11,49,0,60
1,s18,I,8,0,127,135
2,s18,I,109,1,26,136
3,s18,I,107,3,22,132
4,s18,I,80,0,62,142
5,s18,I,23,0,113,136
6,s18,I,41,0,97,138
7,s18,I,43,2,87,132
8,s18,I,63,63,5,131
9,s18,I,43,91,4,138
10,s18,I,74,65,0,139
11,s18,I,117,5,19,141
12,s18,I,69,0,72,141
13,s18,I,71,1,66,138
14,s18,I,119,17,9,145
15,s18,I,94,42,5,141
16,s18,I,40,0,67,107
18,s18,I,30,1,6,37
19,s18,I,109,8,25,142
20,s18,I,61,73,7,141
21,s18,I,85,50,6,141
22,s18,I,21,47,72,140
23,s18,I,51,38,52,141
24,s18,I,21,42,76,139
25,s18,I,17,52,72,141
26,s18,I,66,65,9,140
27,s18,I,47,59,35,141
28,s18,I,31,71,1,103
29,s18,I,12,123,0,135
30,s18,I,0,140,0,140
31,s18,I,0,138,0,138
32,s18,I,55,74,14,143
33,s18,I,22,41,78,141
34,s18,I,71,33,38,142
35,s18,I,41,61,41,143
36,s18,I,52,68,20,140
37,s18,I,38,102,3,143
38,s18,I,42,98,0,140
39,s18,I,42,96,4,142
40,s18,I,44,94,0,138
41,s18,I,24,114,0,138
42,s18,I,21,38,0,59
1,s19,I,2,0,286,288
2,s19,I,51,0,235,286
3,s19,I,68,0,217,285
4,s19,I,47,0,237,284
5,s19,I,0,0,278,278
6,s19,I,1,0,287,288
7,s19,I,0,0,283,283
8,s19,I,129,0,153,282
9,s19,I,150,23,113,286
10,s19,I,195,15,75,285
11,s19,I,129,6,152,287
12,s19,I,30,0,255,285
13,s19,I,157,6,123,286
14,s19,I,220,4,61,285
15,s19,I,96,68,123,287
16,s19,I,1,0,220,221
18,s19,I,17,0,59,76
19,s19,I,76,0,211,287
20,s19,I,224,14,47,285
21,s19,I,69,84,147,300
22,s19,I,33,100,148,281
23,s19,I,100,62,119,281
24,s19,I,57,78,145,280
25,s19,I,69,93,123,285
26,s19,I,124,133,25,282
27,s19,I,96,119,68,283
28,s19,I,53,150,0,203
29,s19,I,32,246,0,278
30,s19,I,0,266,0,266
31,s19,I,0,275,0,275
32,s19,I,97,152,30,279
33,s19,I,47,92,141,280
34,s19,I,164,87,30,281
35,s19,I,60,141,72,273
36,s19,I,90,145,46,281
37,s19,I,75,204,0,279
38,s19,I,70,209,0,279
39,s19,I,76,201,0,277
40,s19,I,82,192,0,274
41,s19,I,37,243,0,280
42,s19,I,35,85,0,120
1,s2,I,0,0,278,278
2,s2,I,0,0,283,283
3,s2,I,0,0,281,281
4,s2,I,0,0,284,284
5,s2,I,0,0,285,285
6,s2,I,0,0,285,285
7,s2,I,0,0,281,281
8,s2,I,0,0,283,283
9,s2,I,0,0,283,283
10,s2,I,11,0,273,284
11,s2,I,16,0,271,287
12,s2,I,0,0,274,274
13,s2,I,9,0,275,284
14,s2,I,0,0,279,279
15,s2,I,15,0,265,280
16,s2,I,0,0,216,216
18,s2,I,0,0,77,77
19,s2,I,0,0,279,279
20,s2,I,64,0,221,285
21,s2,I,68,26,190,284
22,s2,I,75,34,176,285
23,s2,I,73,19,192,284
24,s2,I,83,21,182,286
25,s2,I,85,46,155,286
26,s2,I,60,87,141,288
27,s2,I,92,35,157,284
28,s2,I,55,95,57,207
29,s2,I,29,136,117,282
30,s2,I,14,271,0,285
31,s2,I,7,273,0,280
32,s2,I,121,26,139,286
33,s2,I,51,35,201,287
34,s2,I,63,6,216,285
35,s2,I,47,87,152,286
36,s2,I,51,111,124,286
37,s2,I,95,133,58,286
38,s2,I,96,141,48,285
39,s2,I,89,142,54,285
40,s2,I,73,153,59,285
41,s2,I,98,189,0,287
42,s2,I,38,60,6,104
1,s20,I,0,0,287,287
2,s20,I,2,0,284,286
3,s20,I,0,0,278,278
4,s20,I,8,0,260,268
5,s20,I,0,0,275,275
6,s20,I,0,0,284,284
7,s20,I,0,0,286,286
8,s20,I,29,0,254,283
9,s20,I,66,0,220,286
10,s20,I,76,0,209,285
11,s20,I,59,0,226,285
12,s20,I,0,0,275,275
13,s20,I,118,0,166,284
14,s20,I,180,0,105,285
15,s20,I,93,28,164,285
16,s20,I,0,0,220,220
18,s20,I,18,0,59,77
19,s20,I,44,0,234,278
20,s20,I,226,19,39,284
21,s20,I,71,74,140,285
22,s20,I,41,81,156,278
23,s20,I,83,49,145,277
24,s20,I,55,67,157,279
25,s20,I,80,79,120,279
26,s20,I,119,106,53,278
27,s20,I,104,85,95,284
28,s20,I,48,152,0,200
29,s20,I,39,233,0,272
30,s20,I,0,276,0,276
31,s20,I,0,280,0,280
32,s20,I,114,112,53,279
33,s20,I,97,68,115,280
34,s20,I,190,85,3,278
35,s20,I,118,111,52,281
36,s20,I,78,124,71,273
37,s20,I,91,170,23,284
38,s20,I,86,182,16,284
39,s20,I,72,162,46,280
40,s20,I,108,171,1,280
41,s20,I,50,230,0,280
42,s20,I,19,100,0,119
1,s21,I,0,0,285,285
2,s21,I,54,0,230,284
3,s21,I,60,0,226,286
4,s21,I,47,0,239,286
5,s21,I,0,0,285,285
6,s21,I,0,0,283,283
7,s21,I,0,0,287,287
8,s21,I,94,0,197,291
9,s21,I,97,27,151,275
10,s21,I,142,19,122,283
11,s21,I,100,2,183,285
12,s21,I,23,0,260,283
13,s21,I,145,3,139,287
14,s21,I,168,26,90,284
15,s21,I,96,73,120,289
16,s21,I,42,0,180,222
18,s21,I,38,0,38,76
19,s21,I,94,0,190,284
20,s21,I,212,58,13,283
21,s21,I,177,100,8,285
22,s21,I,53,105,125,283
23,s21,I,114,79,91,284
24,s21,I,44,86,154,284
25,s21,I,46,106,127,279
26,s21,I,147,130,0,277
27,s21,I,109,124,46,279
28,s21,I,56,143,0,199
29,s21,I,0,268,0,268
30,s21,I,0,269,0,269
31,s21,I,0,272,0,272
32,s21,I,118,161,0,279
33,s21,I,60,89,131,280
34,s21,I,171,107,4,282
35,s21,I,123,129,30,282
36,s21,I,113,139,31,283
37,s21,I,75,210,0,285
38,s21,I,77,209,0,286
39,s21,I,79,204,0,283
40,s21,I,94,195,0,289
41,s21,I,39,244,0,283
42,s21,I,48,72,0,120
1,s22,I,0,0,140,140
2,s22,I,17,0,125,142
3,s22,I,26,0,116,142
4,s22,I,19,0,122,141
5,s22,I,0,0,142,142
6,s22,I,0,0,142,142
7,s22,I,0,0,143,143
8,s22,I,50,0,92,142
9,s22,I,60,7,85,152
10,s22,I,51,2,80,133
11,s22,I,48,2,89,139
12,s22,I,7,0,131,138
13,s22,I,63,2,70,135
14,s22,I,85,0,56,141
15,s22,I,43,28,68,139
16,s22,I,0,0,109,109
18,s22,I,6,0,31,37
19,s22,I,28,0,112,140
20,s22,I,82,2,57,141
21,s22,I,22,35,80,137
22,s22,I,18,36,69,123
23,s22,I,47,27,62,136
24,s22,I,27,33,72,132
25,s22,I,30,42,63,135
26,s22,I,68,63,7,138
27,s22,I,42,57,39,138
28,s22,I,27,75,0,102
29,s22,I,9,123,0,132
30,s22,I,0,129,0,129
31,s22,I,0,135,0,135
32,s22,I,52,78,7,137
33,s22,I,25,39,71,135
34,s22,I,76,54,10,140
35,s22,I,49,67,24,140
36,s22,I,55,72,14,141
37,s22,I,37,102,0,139
38,s22,I,31,111,0,142
39,s22,I,38,99,0,137
40,s22,I,38,98,0,136
41,s22,I,15,123,0,138
42,s22,I,14,46,0,60
1,s23,I,0,0,142,142
2,s23,I,23,0,120,143
3,s23,I,20,0,124,144
4,s23,I,18,0,125,143
5,s23,I,0,0,142,142
6,s23,I,0,0,140,140
7,s23,I,0,0,143,143
8,s23,I,40,0,102,142
9,s23,I,36,4,103,143
10,s23,I,45,3,94,142
11,s23,I,43,1,99,143
12,s23,I,0,0,140,140
13,s23,I,66,1,75,142
14,s23,I,66,3,74,143
15,s23,I,31,27,84,142
16,s23,I,0,0,110,110
18,s23,I,11,0,27,38
19,s23,I,35,0,108,143
20,s23,I,89,12,40,141
21,s23,I,29,39,76,144
22,s23,I,19,46,77,142
23,s23,I,44,27,72,143
24,s23,I,29,36,78,143
25,s23,I,48,43,52,143
26,s23,I,73,56,14,143
27,s23,I,49,51,40,140
28,s23,I,15,89,0,104
29,s23,I,17,115,0,132
30,s23,I,0,137,0,137
31,s23,I,0,140,0,140
32,s23,I,66,63,13,142
33,s23,I,82,36,24,142
34,s23,I,89,55,0,144
35,s23,I,75,56,11,142
36,s23,I,37,68,39,144
37,s23,I,33,100,9,142
38,s23,I,35,102,7,144
39,s23,I,30,89,21,140
40,s23,I,51,88,0,139
41,s23,I,27,117,0,144
42,s23,I,9,51,0,60
1,s24,I,0,0,142,142
2,s24,I,29,0,114,143
3,s24,I,27,0,113,140
4,s24,I,21,0,120,141
5,s24,I,0,0,142,142
6,s24,I,0,0,139,139
7,s24,I,0,0,141,141
8,s24,I,37,0,102,139
9,s24,I,26,17,100,143
10,s24,I,40,7,95,142
11,s24,I,44,2,96,142
12,s24,I,0,0,141,141
13,s24,I,39,0,102,141
14,s24,I,47,5,90,142
15,s24,I,16,36,92,144
16,s24,I,0,0,109,109
18,s24,I,14,0,25,39
19,s24,I,43,0,98,141
20,s24,I,27,25,91,143
21,s24,I,21,43,79,143
22,s24,I,13,50,80,143
23,s24,I,25,37,81,143
24,s24,I,23,44,76,143
25,s24,I,21,57,65,143
26,s24,I,73,69,0,142
27,s24,I,60,63,19,142
28,s24,I,25,75,0,100
29,s24,I,0,137,0,137
30,s24,I,0,137,0,137
31,s24,I,0,141,0,141
32,s24,I,58,83,1,142
33,s24,I,30,47,64,141
34,s24,I,78,62,0,140
35,s24,I,72,66,4,142
36,s24,I,61,71,11,143
37,s24,I,36,103,0,139
38,s24,I,35,108,0,143
39,s24,I,34,105,0,139
40,s24,I,37,104,0,141
41,s24,I,13,129,0,142
42,s24,I,21,35,0,56
1,s25,I,0,0,283,283
2,s25,I,42,0,220,262
3,s25,I,53,0,203,256
4,s25,I,47,0,228,275
5,s25,I,0,0,275,275
6,s25,I,0,0,501,501
7,s25,I,0,0,376,376
8,s25,I,117,0,163,280
9,s25,I,97,24,149,270
10,s25,I,116,5,160,281
11,s25,I,85,5,197,287
12,s25,I,0,0,270,270
13,s25,I,115,5,158,278
14,s25,I,195,0,163,358
15,s25,I,62,55,162,279
16,s25,I,0,0,219,219
18,s25,I,15,0,61,76
19,s25,I,91,0,195,286
20,s25,I,124,24,137,285
21,s25,I,43,86,153,282
22,s25,I,30,99,153,282
23,s25,I,82,65,131,278
24,s25,I,66,83,135,284
25,s25,I,65,95,123,283
26,s25,I,122,128,31,281
27,s25,I,90,122,70,282
28,s25,I,55,136,0,191
29,s25,I,38,217,0,255
30,s25,I,0,278,0,278
31,s25,I,0,276,0,276
32,s25,I,117,174,0,291
33,s25,I,91,98,97,286
34,s25,I,167,89,31,287
35,s25,I,40,145,91,276
36,s25,I,93,162,1,256
37,s25,I,61,211,0,272
38,s25,I,51,235,0,286
39,s25,I,70,189,0,259
40,s25,I,72,186,0,258
41,s25,I,26,239,0,265
42,s25,I,20,98,0,118
1,s26,I,0,0,298,298
2,s26,I,58,0,395,453
3,s26,I,44,0,443,487
4,s26,I,60,0,440,500
5,s26,I,0,0,281,281
6,s26,I,0,0,283,283
7,s26,I,0,0,286,286
8,s26,I,47,0,239,286
9,s26,I,64,2,245,311
10,s26,I,78,0,221,299
11,s26,I,66,0,211,277
12,s26,I,0,0,274,274
13,s26,I,69,1,185,255
14,s26,I,100,0,168,268
15,s26,I,52,47,169,268
16,s26,I,0,0,208,208
18,s26,I,23,0,47,70
19,s26,I,121,0,288,409
20,s26,I,192,36,84,312
21,s26,I,57,79,141,277
22,s26,I,31,98,176,305
23,s26,I,98,55,129,282
24,s26,I,63,73,145,281
25,s26,I,91,84,101,276
26,s26,I,137,110,34,281
27,s26,I,90,100,91,281
28,s26,I,31,172,0,203
29,s26,I,27,256,0,283
30,s26,I,0,278,0,278
31,s26,I,0,279,0,279
32,s26,I,122,124,40,286
33,s26,I,114,74,98,286
34,s26,I,201,77,2,280
35,s26,I,118,115,52,285
36,s26,I,75,134,76,285
37,s26,I,74,192,18,284
38,s26,I,77,194,13,284
39,s26,I,67,176,41,284
40,s26,I,103,175,0,278
41,s26,I,49,229,0,278
42,s26,I,18,100,0,118
1,s27,I,0,0,285,285
2,s27,I,54,0,234,288
3,s27,I,52,0,232,284
4,s27,I,53,0,234,287
5,s27,I,0,0,284,284
6,s27,I,0,0,287,287
7,s27,I,0,0,287,287
8,s27,I,90,0,196,286
9,s27,I,64,43,179,286
10,s27,I,100,15,172,287
11,s27,I,80,3,200,283
12,s27,I,0,0,280,280
13,s27,I,106,2,174,282
14,s27,I,98,19,168,285
15,s27,I,43,72,169,284
16,s27,I,0,0,222,222
18,s27,I,39,0,38,77
19,s27,I,91,0,190,281
20,s27,I,124,69,94,287
21,s27,I,67,100,118,285
22,s27,I,31,109,143,283
23,s27,I,109,79,96,284
24,s27,I,44,93,150,287
25,s27,I,50,119,117,286
26,s27,I,144,142,0,286
27,s27,I,116,133,36,285
28,s27,I,49,153,0,202
29,s27,I,0,276,0,276
30,s27,I,0,280,0,280
31,s27,I,0,277,0,277
32,s27,I,121,166,0,287
33,s27,I,71,94,120,285
34,s27,I,152,123,10,285
35,s27,I,136,135,14,285
36,s27,I,127,159,0,286
37,s27,I,55,225,0,280
38,s27,I,58,225,0,283
39,s27,I,62,208,0,270
40,s27,I,53,213,0,266
41,s27,I,7,267,0,274
42,s27,I,28,81,10,119
1,s28,I,0,0,143,143
2,s28,I,7,0,136,143
3,s28,I,14,0,127,141
4,s28,I,22,0,119,141
5,s28,I,0,0,144,144
6,s28,I,0,0,142,142
7,s28,I,0,0,143,143
8,s28,I,24,0,118,142
9,s28,I,28,11,103,142
10,s28,I,41,3,98,142
11,s28,I,41,2,98,141
12,s28,I,0,0,143,143
13,s28,I,52,1,90,143
14,s28,I,57,0,84,141
15,s28,I,26,27,90,143
16,s28,I,0,0,109,109
18,s28,I,8,0,28,36
19,s28,I,39,0,105,144
20,s28,I,78,2,63,143
21,s28,I,30,41,70,141
22,s28,I,21,48,73,142
23,s28,I,63,30,48,141
24,s28,I,35,41,67,143
25,s28,I,41,45,57,143
26,s28,I,79,64,0,143
27,s28,I,64,62,17,143
28,s28,I,13,85,0,98
29,s28,I,0,141,0,141
30,s28,I,0,142,0,142
31,s28,I,0,142,0,142
32,s28,I,60,81,0,141
33,s28,I,56,50,37,143
34,s28,I,85,58,0,143
35,s28,I,58,75,8,141
36,s28,I,62,78,1,141
37,s28,I,32,109,0,141
38,s28,I,36,106,0,142
39,s28,I,35,107,0,142
40,s28,I,42,95,0,137
41,s28,I,16,126,0,142
42,s28,I,2,56,0,58
1,s29,I,0,0,140,140
2,s29,I,4,0,138,142
3,s29,I,7,0,134,141
4,s29,I,19,0,122,141
5,s29,I,0,0,140,140
6,s29,I,0,0,148,148
7,s29,I,0,0,141,141
8,s29,I,20,0,121,141
9,s29,I,36,0,105,141
10,s29,I,40,2,100,142
11,s29,I,38,1,102,141
12,s29,I,0,0,139,139
13,s29,I,42,1,99,142
14,s29,I,50,0,89,139
15,s29,I,27,22,90,139
16,s29,I,0,0,109,109
18,s29,I,12,0,27,39
19,s29,I,44,0,95,139
20,s29,I,55,19,64,138
21,s29,I,28,40,73,141
22,s29,I,20,46,73,139
23,s29,I,49,27,62,138
24,s29,I,29,37,73,139
25,s29,I,55,43,44,142
26,s29,I,83,54,3,140
27,s29,I,49,49,41,139
28,s29,I,8,92,0,100
29,s29,I,11,126,0,137
30,s29,I,0,132,0,132
31,s29,I,0,139,0,139
32,s29,I,65,64,13,142
33,s29,I,82,34,23,139
34,s29,I,89,50,1,140
35,s29,I,63,59,17,139
36,s29,I,44,62,31,137
37,s29,I,37,89,9,135
38,s29,I,39,95,4,138
39,s29,I,30,84,19,133
40,s29,I,54,78,0,132
41,s29,I,23,113,0,136
42,s29,I,7,51,0,58
1,s3,I,0,0,286,286
2,s3,I,0,0,285,285
3,s3,I,0,0,283,283
4,s3,I,0,0,286,286
5,s3,I,0,0,288,288
6,s3,I,0,0,286,286
7,s3,I,0,0,287,287
8,s3,I,0,0,286,286
9,s3,I,0,0,285,285
10,s3,I,14,0,273,287
11,s3,I,19,0,267,286
12,s3,I,0,0,283,283
13,s3,I,14,0,274,288
14,s3,I,1,0,287,288
15,s3,I,18,0,268,286
16,s3,I,0,0,220,220
18,s3,I,0,0,77,77
19,s3,I,0,0,284,284
20,s3,I,59,0,226,285
21,s3,I,58,30,200,288
22,s3,I,48,53,182,283
23,s3,I,45,45,194,284
24,s3,I,50,65,171,286
25,s3,I,50,80,157,287
26,s3,I,42,117,128,287
27,s3,I,58,90,138,286
28,s3,I,76,105,26,207
29,s3,I,123,137,22,282
30,s3,I,2,283,0,285
31,s3,I,18,267,0,285
32,s3,I,153,43,92,288
33,s3,I,39,55,186,280
34,s3,I,52,40,191,283
35,s3,I,34,99,152,285
36,s3,I,40,122,99,261
37,s3,I,113,144,28,285
38,s3,I,113,153,20,286
39,s3,I,66,149,52,267
40,s3,I,95,161,25,281
41,s3,I,64,220,0,284
42,s3,I,66,44,10,120
1,s30,I,0,0,142,142
2,s30,I,5,0,135,140
3,s30,I,15,0,127,142
4,s30,I,18,0,124,142
5,s30,I,0,0,142,142
6,s30,I,0,0,142,142
7,s30,I,0,0,141,141
8,s30,I,30,0,112,142
9,s30,I,31,6,103,140
10,s30,I,36,6,97,139
11,s30,I,37,1,106,144
12,s30,I,0,0,139,139
13,s30,I,48,3,92,143
14,s30,I,50,10,83,143
15,s30,I,24,30,88,142
16,s30,I,0,0,110,110
18,s30,I,20,0,18,38
19,s30,I,45,0,96,141
20,s30,I,62,27,53,142
21,s30,I,40,40,58,138
22,s30,I,17,51,71,139
23,s30,I,62,34,45,141
24,s30,I,25,40,78,143
25,s30,I,44,48,49,141
26,s30,I,70,70,0,140
27,s30,I,76,62,4,142
28,s30,I,12,89,0,101
29,s30,I,0,137,0,137
30,s30,I,0,142,0,142
31,s30,I,0,138,0,138
32,s30,I,38,104,0,142
33,s30,I,90,52,0,142
34,s30,I,40,104,0,144
35,s30,I,26,114,0,140
36,s30,I,51,89,0,140
37,s30,I,13,129,0,142
38,s30,I,19,123,0,142
39,s30,I,27,115,0,142
40,s30,I,22,119,0,141
41,s30,I,0,141,0,141
42,s30,I,14,44,0,58
1,s4,I,0,0,144,144
2,s4,I,0,0,142,142
3,s4,I,0,0,142,142
4,s4,I,0,0,144,144
5,s4,I,0,0,142,142
6,s4,I,0,0,143,143
7,s4,I,0,0,140,140
8,s4,I,0,0,144,144
9,s4,I,0,0,142,142
10,s4,I,3,0,140,143
11,s4,I,8,0,134,142
12,s4,I,0,0,141,141
13,s4,I,1,0,143,144
14,s4,I,0,0,143,143
15,s4,I,8,0,135,143
16,s4,I,0,0,110,110
18,s4,I,0,0,38,38
19,s4,I,0,0,142,142
20,s4,I,38,0,105,143
21,s4,I,30,21,92,143
22,s4,I,18,37,88,143
23,s4,I,31,17,92,140
24,s4,I,32,24,87,143
25,s4,I,60,13,70,143
26,s4,I,48,37,58,143
27,s4,I,39,33,72,144
28,s4,I,56,59,0,115
29,s4,I,70,73,0,143
30,s4,I,2,139,0,141
31,s4,I,2,140,0,142
32,s4,I,71,25,66,162
33,s4,I,27,55,161,243
34,s4,I,72,32,142,246
35,s4,I,43,84,116,243
36,s4,I,70,87,91,248
37,s4,I,92,117,34,243
38,s4,I,93,132,20,245
39,s4,I,61,107,48,216
40,s4,I,46,80,14,140
41,s4,I,39,102,0,141
42,s4,I,38,19,2,59
1,s5,I,0,0,143,143
2,s5,I,0,0,143,143
3,s5,I,0,0,143,143
4,s5,I,0,0,142,142
5,s5,I,0,0,142,142
6,s5,I,0,0,143,143
7,s5,I,0,0,144,144
8,s5,I,0,0,143,143
9,s5,I,0,0,142,142
10,s5,I,11,0,131,142
11,s5,I,15,0,128,143
12,s5,I,0,0,141,141
13,s5,I,4,0,137,141
14,s5,I,5,0,136,141
15,s5,I,8,0,127,135
16,s5,I,0,0,111,111
18,s5,I,0,0,38,38
19,s5,I,0,0,142,142
20,s5,I,30,0,112,142
21,s5,I,33,13,99,145
22,s5,I,32,21,86,139
23,s5,I,33,14,92,139
24,s5,I,32,20,89,141
25,s5,I,32,33,78,143
26,s5,I,20,51,70,141
27,s5,I,44,20,76,140
28,s5,I,40,45,13,98
29,s5,I,48,66,26,140
30,s5,I,13,127,0,140
31,s5,I,23,112,0,135
32,s5,I,63,12,67,142
33,s5,I,26,15,101,142
34,s5,I,36,0,108,144
35,s5,I,26,41,74,141
36,s5,I,24,46,71,141
37,s5,I,39,65,40,144
38,s5,I,40,68,33,141
39,s5,I,37,70,36,143
40,s5,I,34,70,33,137
41,s5,I,48,86,7,141
42,s5,I,34,24,2,60
1,s6,I,0,0,143,143
2,s6,I,0,0,140,140
3,s6,I,0,0,143,143
4,s6,I,0,0,143,143
5,s6,I,0,0,142,142
6,s6,I,0,0,144,144
7,s6,I,0,0,142,142
8,s6,I,0,0,143,143
9,s6,I,0,0,140,140
10,s6,I,9,0,134,143
11,s6,I,10,0,133,143
12,s6,I,0,0,142,142
13,s6,I,4,0,139,143
14,s6,I,0,0,143,143
15,s6,I,14,0,128,142
16,s6,I,0,0,110,110
18,s6,I,0,0,39,39
19,s6,I,0,0,141,141
20,s6,I,36,0,104,140
21,s6,I,27,22,91,140
22,s6,I,21,34,88,143
23,s6,I,27,27,86,140
24,s6,I,23,32,86,141
25,s6,I,25,44,74,143
26,s6,I,17,59,65,141
27,s6,I,33,51,56,140
28,s6,I,33,55,14,102
29,s6,I,68,72,0,140
30,s6,I,0,140,0,140
31,s6,I,0,141,0,141
32,s6,I,75,30,34,139
33,s6,I,19,30,107,156
34,s6,I,29,23,89,141
35,s6,I,23,52,65,140
36,s6,I,37,62,43,142
37,s6,I,53,81,9,143
38,s6,I,50,83,11,144
39,s6,I,31,85,25,141
40,s6,I,56,81,2,139
41,s6,I,29,112,0,141
42,s6,I,32,22,5,59
1,s7,I,38,11,236,285
2,s7,I,0,0,287,287
3,s7,I,0,0,286,286
4,s7,I,2,0,284,286
5,s7,I,5,0,283,288
6,s7,I,0,0,285,285
7,s7,I,0,0,286,286
8,s7,I,128,0,150,278
9,s7,I,121,0,166,287
10,s7,I,80,0,208,288
11,s7,I,85,0,202,287
12,s7,I,3,0,282,285
13,s7,I,229,6,55,290
14,s7,I,171,3,113,287
15,s7,I,85,0,202,287
16,s7,I,0,0,221,221
18,s7,I,4,0,73,77
19,s7,I,10,0,274,284
20,s7,I,89,0,197,286
21,s7,I,62,57,167,286
22,s7,I,51,82,153,286
23,s7,I,109,55,113,277
24,s7,I,51,74,161,286
25,s7,I,76,73,138,287
26,s7,I,138,123,17,278
27,s7,I,118,111,57,286
28,s7,I,68,136,0,204
29,s7,I,54,229,0,283
30,s7,I,0,285,0,285
31,s7,I,0,283,0,283
32,s7,I,145,127,13,285
33,s7,I,44,73,170,287
34,s7,I,109,79,98,286
35,s7,I,111,116,59,286
36,s7,I,95,130,62,287
37,s7,I,90,181,14,285
38,s7,I,107,177,3,287
39,s7,I,68,172,43,283
40,s7,I,119,165,0,284
41,s7,I,62,223,0,285
42,s7,I,64,55,0,119
1,s8,I,39,0,244,283
2,s8,I,0,0,286,286
3,s8,I,0,0,282,282
4,s8,I,12,0,270,282
5,s8,I,0,0,282,282
6,s8,I,0,0,281,281
7,s8,I,0,0,283,283
8,s8,I,51,0,230,281
9,s8,I,80,0,200,280
10,s8,I,66,0,215,281
11,s8,I,57,0,229,286
12,s8,I,5,0,276,281
13,s8,I,218,9,57,284
14,s8,I,148,5,131,284
15,s8,I,102,0,181,283
16,s8,I,0,0,219,219
18,s8,I,1,0,75,76
19,s8,I,2,0,278,280
20,s8,I,77,0,205,282
21,s8,I,73,25,183,281
22,s8,I,75,39,172,286
23,s8,I,89,18,174,281
24,s8,I,82,26,172,280
25,s8,I,102,55,128,285
26,s8,I,82,92,108,282
27,s8,I,129,35,119,283
28,s8,I,73,129,0,202
29,s8,I,120,159,0,279
30,s8,I,5,276,0,281
31,s8,I,17,261,0,278
32,s8,I,160,43,76,279
33,s8,I,54,47,175,276
34,s8,I,103,37,142,282
35,s8,I,72,89,119,280
36,s8,I,63,94,124,281
37,s8,I,103,131,58,292
38,s8,I,103,144,25,272
39,s8,I,83,140,55,278
40,s8,I,73,155,45,273
41,s8,I,80,196,0,276
42,s8,I,58,60,0,118
1,s9,I,55,74,158,287
2,s9,I,114,0,173,287
3,s9,I,89,0,191,280
4,s9,I,80,0,205,285
5,s9,I,80,10,196,286
6,s9,I,124,39,124,287
7,s9,I,99,37,150,286
8,s9,I,107,159,20,286
9,s9,I,141,110,37,288
10,s9,I,215,58,14,287
11,s9,I,170,75,39,284
12,s9,I,97,1,187,285
13,s9,I,216,39,33,288
14,s9,I,161,10,114,285
15,s9,I,216,29,42,287
16,s9,I,178,0,43,221
18,s9,I,58,0,19,77
19,s9,I,148,6,132,286
20,s9,I,192,74,21,287
21,s9,I,172,84,29,285
22,s9,I,67,53,166,286
23,s9,I,54,60,170,284
24,s9,I,51,75,157,283
25,s9,I,72,87,127,286
26,s9,I,126,132,40,298
27,s9,I,84,113,86,283
28,s9,I,54,147,6,207
29,s9,I,28,255,0,283
30,s9,I,0,280,0,280
31,s9,I,0,275,0,275
32,s9,I,174,103,14,291
33,s9,I,50,65,169,284
34,s9,I,95,76,113,284
35,s9,I,102,108,65,275
36,s9,I,86,129,67,282
37,s9,I,81,189,13,283
38,s9,I,94,171,17,282
39,s9,I,66,168,47,281
40,s9,I,111,166,0,277
41,s9,I,56,224,0,280
42,s9,I,62,58,0,120
