dia,sensor,lote,umid_d,umid_f_acima,umid_f_abaixo,n_medidas
1,s1,I,87,0,-441,528
1,s10,I,0,0,-138,138
1,s11,I,0,0,-143,143
1,s12,I,0,0,-143,143
1,s13,I,0,0,-288,288
1,s14,I,0,0,-285,285
1,s15,I,0,0,-286,286
1,s16,I,0,0,-141,141
1,s17,I,0,0,-142,142
1,s18,I,0,0,-135,135
1,s19,I,0,0,-288,288
1,s2,I,41,0,-237,278
1,s20,I,0,0,-287,287
1,s21,I,0,0,-285,285
1,s22,I,22,0,-118,140
1,s23,I,23,0,-119,142
1,s24,I,17,0,-125,142
1,s25,I,54,0,-229,283
1,s26,I,72,0,-226,298
1,s27,I,49,0,-236,285
1,s28,I,21,0,-122,143
1,s29,I,25,0,-115,140
1,s3,I,70,0,-216,286
1,s30,I,17,0,-125,142
1,s4,I,23,0,-121,144
1,s5,I,25,0,-118,143
1,s6,I,26,0,-117,143
1,s7,I,0,0,-285,285
1,s8,I,0,0,-283,283
1,s9,I,0,0,-287,287
2,s1,I,232,51,-167,450
2,s10,I,0,0,-141,141
2,s11,I,3,0,-140,143
2,s12,I,0,0,-143,143
2,s13,I,0,0,-288,288
2,s14,I,3,0,-284,287
2,s15,I,0,0,-288,288
2,s16,I,0,0,-144,144
2,s17,I,0,0,-141,141
2,s18,I,0,0,-136,136
2,s19,I,4,0,-282,286
2,s2,I,144,4,-135,283
2,s20,I,11,0,-275,286
2,s21,I,19,0,-265,284
2,s22,I,65,0,-77,142
2,s23,I,72,0,-71,143
2,s24,I,67,0,-76,143
2,s25,I,129,0,-133,262
2,s26,I,221,0,-232,453
2,s27,I,135,0,-153,288
2,s28,I,68,0,-75,143
2,s29,I,71,0,-71,142
2,s3,I,106,48,-131,285
2,s30,I,64,0,-76,140
2,s4,I,75,2,-65,142
2,s5,I,77,0,-66,143
2,s6,I,65,12,-63,140
2,s7,I,0,0,-287,287
2,s8,I,0,0,-286,286
2,s9,I,0,0,-287,287
3,s1,I,120,0,-167,287
3,s10,I,0,0,-139,139
3,s11,I,0,0,-142,142
3,s12,I,0,0,-142,142
3,s13,I,0,0,-286,286
3,s14,I,0,0,-286,286
3,s15,I,0,0,-285,285
3,s16,I,0,0,-117,117
3,s17,I,0,0,-142,142
3,s18,I,0,0,-132,132
3,s19,I,0,0,-285,285
3,s2,I,107,0,-174,281
3,s20,I,2,0,-276,278
3,s21,I,0,0,-286,286
3,s22,I,34,0,-108,142
3,s23,I,37,0,-107,144
3,s24,I,31,0,-109,140
3,s25,I,61,0,-195,256
3,s26,I,153,0,-334,487
3,s27,I,71,0,-213,284
3,s28,I,30,0,-111,141
3,s29,I,39,0,-102,141
3,s3,I,117,7,-159,283
3,s30,I,28,0,-114,142
3,s4,I,60,0,-82,142
3,s5,I,57,0,-86,143
3,s6,I,58,0,-85,143
3,s7,I,0,0,-286,286
3,s8,I,1,0,-281,282
3,s9,I,0,0,-280,280
4,s1,I,61,2,-222,285
4,s10,I,0,0,-141,141
4,s11,I,0,0,-144,144
4,s12,I,0,0,-143,143
4,s13,I,0,0,-283,283
4,s14,I,11,0,-273,284
4,s15,I,2,0,-281,283
4,s16,I,0,0,-122,122
4,s17,I,0,0,-142,142
4,s18,I,0,0,-142,142
4,s19,I,0,0,-284,284
4,s2,I,40,2,-242,284
4,s20,I,23,0,-245,268
4,s21,I,6,0,-280,286
4,s22,I,0,0,-141,141
4,s23,I,8,0,-135,143
4,s24,I,8,0,-133,141
4,s25,I,50,0,-225,275
4,s26,I,135,0,-365,500
4,s27,I,53,0,-234,287
4,s28,I,25,0,-116,141
4,s29,I,38,0,-103,141
4,s3,I,86,8,-192,286
4,s30,I,21,0,-121,142
4,s4,I,26,0,-118,144
4,s5,I,24,1,-117,142
4,s6,I,24,3,-116,143
4,s7,I,5,0,-281,286
4,s8,I,0,0,-282,282
4,s9,I,0,0,-285,285
5,s1,I,99,178,-10,287
5,s10,I,39,0,-101,140
5,s11,I,35,0,-104,139
5,s12,I,25,1,-115,141
5,s13,I,100,1,-186,287
5,s14,I,128,7,-149,284
5,s15,I,132,2,-150,284
5,s16,I,2,0,-122,124
5,s17,I,10,0,-133,143
5,s18,I,0,0,-136,136
5,s19,I,88,0,-190,278
5,s2,I,98,180,-7,285
5,s20,I,152,5,-118,275
5,s21,I,134,0,-151,285
5,s22,I,40,0,-102,142
5,s23,I,49,0,-93,142
5,s24,I,73,0,-69,142
5,s25,I,148,2,-125,275
5,s26,I,141,20,-120,281
5,s27,I,145,15,-124,284
5,s28,I,62,29,-53,144
5,s29,I,57,31,-52,140
5,s3,I,97,185,-6,288
5,s30,I,74,12,-56,142
5,s4,I,47,89,-6,142
5,s5,I,53,85,-4,142
5,s6,I,49,89,-4,142
5,s7,I,119,37,-132,288
5,s8,I,131,9,-142,282
5,s9,I,10,0,-276,286
6,s1,I,105,57,-123,285
6,s10,I,0,0,-142,142
6,s11,I,13,0,-128,141
6,s12,I,0,0,-143,143
6,s13,I,0,0,-287,287
6,s14,I,29,0,-257,286
6,s15,I,0,0,-284,284
6,s16,I,0,0,-124,124
6,s17,I,0,0,-141,141
6,s18,I,0,0,-138,138
6,s19,I,1,0,-287,288
6,s2,I,149,16,-120,285
6,s20,I,131,0,-153,284
6,s21,I,11,0,-272,283
6,s22,I,0,0,-142,142
6,s23,I,3,0,-137,140
6,s24,I,3,0,-136,139
6,s25,I,237,2,-262,501
6,s26,I,137,0,-146,283
6,s27,I,134,0,-153,287
6,s28,I,69,3,-70,142
6,s29,I,72,2,-74,148
6,s3,I,58,108,-120,286
6,s30,I,69,3,-70,142
6,s4,I,73,8,-62,143
6,s5,I,74,6,-63,143
6,s6,I,49,33,-62,144
6,s7,I,0,0,-285,285
6,s8,I,0,0,-281,281
6,s9,I,0,0,-287,287
7,s1,I,74,0,-213,287
7,s10,I,0,0,-141,141
7,s11,I,1,0,-138,139
7,s12,I,0,0,-140,140
7,s13,I,0,0,-286,286
7,s14,I,0,0,-282,282
7,s15,I,0,0,-287,287
7,s16,I,0,0,-120,120
7,s17,I,0,0,-142,142
7,s18,I,0,0,-132,132
7,s19,I,0,0,-283,283
7,s2,I,45,0,-236,281
7,s20,I,45,0,-241,286
7,s21,I,0,0,-287,287
7,s22,I,0,0,-143,143
7,s23,I,0,0,-143,143
7,s24,I,0,0,-141,141
7,s25,I,31,0,-345,376
7,s26,I,3,0,-283,286
7,s27,I,10,0,-277,287
7,s28,I,24,0,-119,143
7,s29,I,24,0,-117,141
7,s3,I,87,0,-200,287
7,s30,I,19,0,-122,141
7,s4,I,35,0,-105,140
7,s5,I,13,0,-131,144
7,s6,I,30,0,-112,142
7,s7,I,0,0,-286,286
7,s8,I,0,0,-283,283
7,s9,I,0,0,-286,286
8,s1,I,7,0,-280,287
8,s10,I,0,0,-139,139
8,s11,I,0,0,-144,144
8,s12,I,0,0,-144,144
8,s13,I,0,0,-288,288
8,s14,I,0,0,-285,285
8,s15,I,0,0,-286,286
8,s16,I,0,0,-120,120
8,s17,I,0,0,-142,142
8,s18,I,0,0,-131,131
8,s19,I,0,0,-282,282
8,s2,I,3,0,-280,283
8,s20,I,29,0,-254,283
8,s21,I,0,0,-291,291
8,s22,I,0,0,-142,142
8,s23,I,2,0,-140,142
8,s24,I,1,0,-138,139
8,s25,I,0,0,-280,280
8,s26,I,0,0,-286,286
8,s27,I,0,0,-286,286
8,s28,I,4,0,-138,142
8,s29,I,3,0,-138,141
8,s3,I,10,0,-276,286
8,s30,I,0,0,-142,142
8,s4,I,2,0,-142,144
8,s5,I,2,0,-141,143
8,s6,I,2,0,-141,143
8,s7,I,0,0,-278,278
8,s8,I,0,2,-279,281
8,s9,I,0,0,-286,286
9,s1,I,6,0,-280,286
9,s10,I,0,0,-142,142
9,s11,I,0,0,-143,143
9,s12,I,0,0,-143,143
9,s13,I,0,0,-285,285
9,s14,I,0,0,-285,285
9,s15,I,0,0,-283,283
9,s16,I,0,0,-135,135
9,s17,I,0,0,-141,141
9,s18,I,0,0,-138,138
9,s19,I,0,0,-286,286
9,s2,I,0,0,-283,283
9,s20,I,6,0,-280,286
9,s21,I,0,0,-275,275
9,s22,I,0,0,-152,152
9,s23,I,1,0,-142,143
9,s24,I,0,0,-143,143
9,s25,I,0,0,-270,270
9,s26,I,0,0,-311,311
9,s27,I,0,0,-286,286
9,s28,I,0,0,-142,142
9,s29,I,0,0,-141,141
9,s3,I,15,0,-270,285
9,s30,I,0,0,-140,140
9,s4,I,0,0,-142,142
9,s5,I,0,0,-142,142
9,s6,I,0,0,-140,140
9,s7,I,0,0,-287,287
9,s8,I,0,0,-280,280
9,s9,I,0,0,-288,288
10,s1,I,1,0,-284,285
10,s10,I,0,0,-140,140
10,s11,I,1,0,-142,143
10,s12,I,0,0,-141,141
10,s13,I,0,0,-288,288
10,s14,I,2,0,-279,281
10,s15,I,0,0,-285,285
10,s16,I,0,0,-134,134
10,s17,I,0,0,-142,142
10,s18,I,0,0,-139,139
10,s19,I,0,0,-285,285
10,s2,I,0,0,-284,284
10,s20,I,28,0,-257,285
10,s21,I,0,0,-283,283
10,s22,I,0,0,-133,133
10,s23,I,3,0,-139,142
10,s24,I,1,0,-141,142
10,s25,I,0,0,-281,281
10,s26,I,38,0,-261,299
10,s27,I,1,0,-286,287
10,s28,I,0,0,-142,142
10,s29,I,0,0,-142,142
10,s3,I,2,0,-285,287
10,s30,I,0,0,-139,139
10,s4,I,0,0,-143,143
10,s5,I,0,0,-142,142
10,s6,I,0,0,-143,143
10,s7,I,0,0,-288,288
10,s8,I,2,1,-278,281
10,s9,I,0,0,-287,287
11,s1,I,0,0,-288,288
11,s10,I,0,0,-139,139
11,s11,I,0,0,-142,142
11,s12,I,0,0,-141,141
11,s13,I,0,0,-286,286
11,s14,I,0,0,-278,278
11,s15,I,0,0,-276,276
11,s16,I,0,0,-142,142
11,s17,I,0,0,-142,142
11,s18,I,0,0,-141,141
11,s19,I,0,0,-287,287
11,s2,I,0,0,-287,287
11,s20,I,0,0,-285,285
11,s21,I,0,0,-285,285
11,s22,I,0,0,-139,139
11,s23,I,0,0,-143,143
11,s24,I,0,0,-142,142
11,s25,I,0,0,-287,287
11,s26,I,2,0,-275,277
11,s27,I,0,0,-283,283
11,s28,I,0,0,-141,141
11,s29,I,0,0,-141,141
11,s3,I,0,0,-286,286
11,s30,I,0,0,-144,144
11,s4,I,0,0,-142,142
11,s5,I,0,0,-143,143
11,s6,I,0,0,-143,143
11,s7,I,0,0,-287,287
11,s8,I,2,9,-275,286
11,s9,I,0,0,-284,284
12,s1,I,115,110,-57,282
12,s10,I,33,0,-107,140
12,s11,I,71,0,-70,141
12,s12,I,53,0,-88,141
12,s13,I,79,0,-205,284
12,s14,I,195,0,-88,283
12,s15,I,135,0,-146,281
12,s16,I,44,0,-84,128
12,s17,I,60,0,-81,141
12,s18,I,38,0,-103,141
12,s19,I,131,0,-154,285
12,s2,I,164,55,-55,274
12,s20,I,209,8,-58,275
12,s21,I,170,4,-109,283
12,s22,I,87,0,-51,138
12,s23,I,110,0,-30,140
12,s24,I,103,4,-34,141
12,s25,I,208,0,-62,270
12,s26,I,214,17,-43,274
12,s27,I,205,10,-65,280
12,s28,I,104,5,-34,143
12,s29,I,108,1,-30,139
12,s3,I,95,133,-55,283
12,s30,I,106,5,-28,139
12,s4,I,71,41,-29,141
12,s5,I,81,31,-29,141
12,s6,I,56,59,-27,142
12,s7,I,15,0,-270,285
12,s8,I,37,5,-239,281
12,s9,I,7,0,-278,285
13,s1,I,47,192,-46,285
13,s10,I,40,78,-23,141
13,s11,I,35,85,-22,142
13,s12,I,32,84,-26,142
13,s13,I,67,166,-51,284
13,s14,I,68,184,-31,283
13,s15,I,53,174,-54,281
13,s16,I,35,82,-19,136
13,s17,I,35,89,-19,143
13,s18,I,26,84,-28,138
13,s19,I,65,176,-45,286
13,s2,I,49,186,-49,284
13,s20,I,64,187,-33,284
13,s21,I,60,178,-49,287
13,s22,I,35,82,-18,135
13,s23,I,33,89,-20,142
13,s24,I,32,88,-21,141
13,s25,I,62,176,-40,278
13,s26,I,43,189,-23,255
13,s27,I,58,179,-45,282
13,s28,I,35,88,-20,143
13,s29,I,32,91,-19,142
13,s3,I,34,209,-45,288
13,s30,I,33,89,-21,143
13,s4,I,30,96,-18,144
13,s5,I,27,95,-19,141
13,s6,I,26,100,-17,143
13,s7,I,127,82,-81,290
13,s8,I,104,100,-80,284
13,s9,I,132,46,-110,288
14,s1,I,79,163,-43,285
14,s10,I,95,11,-38,144
14,s11,I,75,33,-32,140
14,s12,I,71,35,-37,143
14,s13,I,161,32,-91,284
14,s14,I,132,95,-49,276
14,s15,I,126,77,-81,284
14,s16,I,86,8,-36,130
14,s17,I,102,9,-30,141
14,s18,I,65,4,-76,145
14,s19,I,183,26,-76,285
14,s2,I,67,155,-57,279
14,s20,I,162,70,-53,285
14,s21,I,162,52,-70,284
14,s22,I,80,24,-37,141
14,s23,I,61,53,-29,143
14,s24,I,50,62,-30,142
14,s25,I,132,99,-127,358
14,s26,I,82,141,-45,268
14,s27,I,84,127,-74,285
14,s28,I,44,65,-32,141
14,s29,I,42,70,-27,139
14,s3,I,47,179,-62,288
14,s30,I,38,72,-33,143
14,s4,I,35,84,-24,143
14,s5,I,30,84,-27,141
14,s6,I,26,91,-26,143
14,s7,I,111,9,-167,287
14,s8,I,122,8,-154,284
14,s9,I,91,14,-180,285
15,s1,I,90,163,-34,287
15,s10,I,117,1,-22,140
15,s11,I,89,20,-34,143
15,s12,I,104,16,-24,144
15,s13,I,200,10,-78,288
15,s14,I,172,53,-57,282
15,s15,I,133,82,-69,284
15,s16,I,101,4,-33,138
15,s17,I,97,14,-29,140
15,s18,I,89,1,-51,141
15,s19,I,176,37,-74,287
15,s2,I,100,143,-37,280
15,s20,I,147,87,-51,285
15,s21,I,174,63,-52,289
15,s22,I,75,30,-34,139
15,s23,I,60,47,-35,142
15,s24,I,52,69,-23,144
15,s25,I,100,102,-77,279
15,s26,I,82,127,-59,268
15,s27,I,119,121,-44,284
15,s28,I,54,55,-34,143
15,s29,I,40,69,-30,139
15,s3,I,72,176,-38,286
15,s30,I,47,67,-28,142
15,s4,I,50,84,-9,143
15,s5,I,48,69,-18,135
15,s6,I,48,75,-19,142
15,s7,I,226,9,-52,287
15,s8,I,195,6,-82,283
15,s9,I,57,0,-230,287
16,s1,I,0,220,0,220
16,s10,I,29,79,0,108
16,s11,I,26,82,0,108
16,s12,I,33,76,0,109
16,s13,I,73,148,0,221
16,s14,I,22,188,0,210
16,s15,I,44,175,0,219
16,s16,I,39,65,0,104
16,s17,I,23,83,0,106
16,s18,I,49,58,0,107
16,s19,I,59,162,0,221
16,s2,I,0,216,0,216
16,s20,I,25,195,0,220
16,s21,I,44,178,0,222
16,s22,I,16,93,0,109
16,s23,I,16,94,0,110
16,s24,I,8,101,0,109
16,s25,I,24,195,0,219
16,s26,I,8,200,0,208
16,s27,I,24,198,0,222
16,s28,I,6,103,0,109
16,s29,I,4,105,0,109
16,s3,I,0,220,0,220
16,s30,I,3,107,0,110
16,s4,I,5,105,0,110
16,s5,I,13,98,0,111
16,s6,I,16,94,0,110
16,s7,I,93,128,0,221
16,s8,I,98,121,0,219
16,s9,I,174,7,-40,221
18,s1,I,24,0,-53,77
18,s10,I,3,0,-35,38
18,s11,I,6,0,-33,39
18,s12,I,8,0,-31,39
18,s13,I,8,0,-66,74
18,s14,I,22,0,-54,76
18,s15,I,22,0,-53,75
18,s16,I,3,0,-33,36
18,s17,I,7,0,-29,36
18,s18,I,1,0,-36,37
18,s19,I,11,0,-65,76
18,s2,I,13,0,-64,77
18,s20,I,21,0,-56,77
18,s21,I,25,0,-51,76
18,s22,I,12,0,-25,37
18,s23,I,14,0,-24,38
18,s24,I,16,0,-23,39
18,s25,I,28,0,-48,76
18,s26,I,32,0,-38,70
18,s27,I,30,0,-47,77
18,s28,I,15,0,-21,36
18,s29,I,16,0,-23,39
18,s3,I,24,0,-53,77
18,s30,I,16,0,-22,38
18,s4,I,5,0,-33,38
18,s5,I,12,0,-26,38
18,s6,I,3,0,-36,39
18,s7,I,10,0,-67,77
18,s8,I,4,0,-72,76
18,s9,I,0,0,-77,77
19,s1,I,73,111,-102,286
19,s10,I,85,0,-55,140
19,s11,I,79,0,-57,136
19,s12,I,87,0,-55,142
19,s13,I,146,1,-138,285
19,s14,I,167,10,-106,283
19,s15,I,159,19,-104,282
19,s16,I,45,0,-90,135
19,s17,I,80,0,-63,143
19,s18,I,17,0,-125,142
19,s19,I,137,3,-147,287
19,s2,I,93,76,-110,279
19,s20,I,169,3,-106,278
19,s21,I,160,4,-120,284
19,s22,I,86,1,-53,140
19,s23,I,85,6,-52,143
19,s24,I,64,27,-50,141
19,s25,I,165,14,-107,286
19,s26,I,209,62,-138,409
19,s27,I,159,17,-105,281
19,s28,I,85,14,-45,144
19,s29,I,69,26,-44,139
19,s3,I,68,124,-92,284
19,s30,I,67,27,-47,141
19,s4,I,84,6,-52,142
19,s5,I,79,11,-52,142
19,s6,I,82,4,-55,141
19,s7,I,116,5,-163,284
19,s8,I,89,6,-185,280
19,s9,I,4,0,-282,286
20,s1,I,122,42,-123,287
20,s10,I,75,0,-66,141
20,s11,I,68,0,-72,140
20,s12,I,82,0,-61,143
20,s13,I,90,1,-193,284
20,s14,I,143,3,-136,282
20,s15,I,153,8,-119,280
20,s16,I,27,0,-109,136
20,s17,I,60,1,-79,140
20,s18,I,15,0,-126,141
20,s19,I,94,3,-188,285
20,s2,I,152,3,-130,285
20,s20,I,148,1,-135,284
20,s21,I,152,1,-130,283
20,s22,I,78,0,-63,141
20,s23,I,84,2,-55,141
20,s24,I,89,2,-52,143
20,s25,I,148,4,-133,285
20,s26,I,202,6,-104,312
20,s27,I,166,5,-116,287
20,s28,I,90,3,-50,143
20,s29,I,85,6,-47,138
20,s3,I,105,56,-124,285
20,s30,I,81,9,-52,142
20,s4,I,72,0,-71,143
20,s5,I,76,0,-66,142
20,s6,I,63,0,-77,140
20,s7,I,76,1,-209,286
20,s8,I,36,3,-243,282
20,s9,I,0,0,-287,287
21,s1,I,95,0,-193,288
21,s10,I,53,0,-88,141
21,s11,I,56,0,-85,141
21,s12,I,48,0,-93,141
21,s13,I,71,0,-211,282
21,s14,I,121,3,-159,283
21,s15,I,133,3,-145,281
21,s16,I,50,0,-88,138
21,s17,I,69,0,-72,141
21,s18,I,49,0,-92,141
21,s19,I,149,0,-151,300
21,s2,I,80,0,-204,284
21,s20,I,151,6,-128,285
21,s21,I,141,0,-144,285
21,s22,I,79,0,-58,137
21,s23,I,81,1,-62,144
21,s24,I,79,4,-60,143
21,s25,I,145,3,-134,282
21,s26,I,165,11,-101,277
21,s27,I,158,3,-124,285
21,s28,I,81,1,-59,141
21,s29,I,79,8,-54,141
21,s3,I,106,0,-182,288
21,s30,I,82,5,-51,138
21,s4,I,63,0,-80,143
21,s5,I,57,0,-88,145
21,s6,I,60,0,-80,140
21,s7,I,70,0,-216,286
21,s8,I,44,0,-237,281
21,s9,I,0,0,-285,285
22,s1,I,117,3,-165,285
22,s10,I,64,3,-71,138
22,s11,I,69,5,-68,142
22,s12,I,69,3,-72,144
22,s13,I,129,6,-148,283
22,s14,I,130,17,-140,287
22,s15,I,133,12,-140,285
22,s16,I,63,3,-70,136
22,s17,I,63,12,-66,141
22,s18,I,71,3,-66,140
22,s19,I,127,16,-138,281
22,s2,I,112,3,-170,285
22,s20,I,121,28,-129,278
22,s21,I,133,15,-135,283
22,s22,I,59,10,-54,123
22,s23,I,62,14,-66,142
22,s24,I,69,9,-65,143
22,s25,I,113,32,-137,282
22,s26,I,134,46,-125,305
22,s27,I,135,19,-129,283
22,s28,I,64,9,-69,142
22,s29,I,59,20,-60,139
22,s3,I,124,2,-157,283
22,s30,I,70,7,-62,139
22,s4,I,69,3,-71,143
22,s5,I,62,3,-74,139
22,s6,I,71,2,-70,143
22,s7,I,128,5,-153,286
22,s8,I,115,9,-162,286
22,s9,I,61,2,-223,286
23,s1,I,42,73,-170,285
23,s10,I,28,35,-77,140
23,s11,I,24,40,-76,140
23,s12,I,25,41,-77,143
23,s13,I,50,70,-164,284
23,s14,I,53,77,-152,282
23,s15,I,58,78,-145,281
23,s16,I,29,37,-70,136
23,s17,I,30,40,-68,138
23,s18,I,35,37,-69,141
23,s19,I,61,74,-146,281
23,s2,I,46,69,-169,284
23,s20,I,60,86,-131,277
23,s21,I,67,81,-136,284
23,s22,I,33,35,-68,136
23,s23,I,36,42,-65,143
23,s24,I,36,42,-65,143
23,s25,I,56,76,-146,278
23,s26,I,73,81,-128,282
23,s27,I,65,81,-138,284
23,s28,I,32,39,-70,141
23,s29,I,37,40,-61,138
23,s3,I,26,93,-165,284
23,s30,I,39,40,-62,141
23,s4,I,24,40,-76,140
23,s5,I,19,38,-82,139
23,s6,I,19,44,-77,140
23,s7,I,55,59,-163,277
23,s8,I,58,65,-158,281
23,s9,I,35,82,-167,284
24,s1,I,72,95,-121,288
24,s10,I,33,53,-56,142
24,s11,I,33,54,-57,144
24,s12,I,32,54,-56,142
24,s13,I,67,99,-121,287
24,s14,I,72,106,-108,286
24,s15,I,62,107,-117,286
24,s16,I,36,52,-54,142
24,s17,I,38,55,-50,143
24,s18,I,31,53,-55,139
24,s19,I,67,100,-113,280
24,s2,I,69,100,-117,286
24,s20,I,75,106,-98,279
24,s21,I,73,104,-107,284
24,s22,I,38,47,-47,132
24,s23,I,41,53,-49,143
24,s24,I,36,55,-52,143
24,s25,I,65,108,-111,284
24,s26,I,74,109,-98,281
24,s27,I,71,106,-110,287
24,s28,I,36,54,-53,143
24,s29,I,39,53,-47,139
24,s3,I,56,114,-116,286
24,s30,I,37,54,-52,143
24,s4,I,37,52,-54,143
24,s5,I,29,53,-59,141
24,s6,I,31,56,-54,141
24,s7,I,67,97,-122,286
24,s8,I,67,95,-118,280
24,s9,I,59,98,-126,283
25,s1,I,155,93,-38,286
25,s10,I,75,53,-14,142
25,s11,I,68,54,-22,144
25,s12,I,46,53,-44,143
25,s13,I,141,97,-47,285
25,s14,I,135,114,-38,287
25,s15,I,84,101,-99,284
25,s16,I,74,52,-14,140
25,s17,I,70,54,-14,138
25,s18,I,41,54,-46,141
25,s19,I,146,105,-34,285
25,s2,I,110,102,-74,286
25,s20,I,140,114,-25,279
25,s21,I,85,103,-91,279
25,s22,I,72,53,-10,135
25,s23,I,73,55,-15,143
25,s24,I,43,56,-44,143
25,s25,I,142,102,-39,283
25,s26,I,137,109,-30,276
25,s27,I,74,112,-100,286
25,s28,I,78,54,-11,143
25,s29,I,72,57,-13,142
25,s3,I,88,109,-90,287
25,s30,I,51,52,-38,141
25,s4,I,69,54,-20,143
25,s5,I,42,57,-44,143
25,s6,I,46,59,-38,143
25,s7,I,156,89,-42,287
25,s8,I,110,101,-74,285
25,s9,I,97,92,-97,286
26,s1,I,120,1,-166,287
26,s10,I,59,1,-81,141
26,s11,I,49,10,-83,142
26,s12,I,48,9,-85,142
26,s13,I,104,6,-177,287
26,s14,I,89,29,-193,311
26,s15,I,98,14,-175,287
26,s16,I,55,7,-78,140
26,s17,I,44,16,-82,142
26,s18,I,51,5,-84,140
26,s19,I,102,9,-171,282
26,s2,I,99,13,-176,288
26,s20,I,83,41,-154,278
26,s21,I,110,4,-163,277
26,s22,I,52,4,-82,138
26,s23,I,48,13,-82,143
26,s24,I,45,14,-83,142
26,s25,I,95,15,-171,281
26,s26,I,83,36,-162,281
26,s27,I,102,14,-170,286
26,s28,I,51,7,-85,143
26,s29,I,47,16,-77,140
26,s3,I,77,34,-176,287
26,s30,I,60,1,-79,140
26,s4,I,54,6,-83,143
26,s5,I,35,21,-85,141
26,s6,I,42,15,-84,141
26,s7,I,99,2,-177,278
26,s8,I,103,8,-171,282
26,s9,I,91,11,-196,298
27,s1,I,159,6,-121,286
27,s10,I,88,6,-47,141
27,s11,I,79,10,-55,144
27,s12,I,63,8,-72,143
27,s13,I,165,6,-117,288
27,s14,I,177,15,-91,283
27,s15,I,107,14,-162,283
27,s16,I,87,5,-46,138
27,s17,I,88,10,-42,140
27,s18,I,67,5,-69,141
27,s19,I,165,8,-110,283
27,s2,I,122,41,-121,284
27,s20,I,176,29,-79,284
27,s21,I,116,11,-152,279
27,s22,I,88,5,-45,138
27,s23,I,93,4,-43,140
27,s24,I,68,10,-64,142
27,s25,I,152,17,-113,282
27,s26,I,158,27,-96,281
27,s27,I,116,9,-160,285
27,s28,I,88,8,-47,143
27,s29,I,82,13,-44,139
27,s3,I,107,23,-156,286
27,s30,I,86,4,-52,142
27,s4,I,89,5,-50,144
27,s5,I,61,17,-62,140
27,s6,I,65,13,-62,140
27,s7,I,164,2,-120,286
27,s8,I,160,3,-120,283
27,s9,I,103,6,-174,283
28,s1,I,44,116,-44,204
28,s10,I,23,58,-21,102
28,s11,I,22,60,-21,103
28,s12,I,29,52,-21,102
28,s13,I,56,100,-44,200
28,s14,I,41,128,-40,209
28,s15,I,57,102,-42,201
28,s16,I,22,57,-21,100
28,s17,I,22,58,-21,101
28,s18,I,34,49,-20,103
28,s19,I,53,107,-43,203
28,s2,I,38,125,-44,207
28,s20,I,43,120,-37,200
28,s21,I,62,97,-40,199
28,s22,I,25,55,-22,102
28,s23,I,25,57,-22,104
28,s24,I,34,48,-18,100
28,s25,I,54,96,-41,191
28,s26,I,45,117,-41,203
28,s27,I,67,97,-38,202
28,s28,I,27,51,-20,98
28,s29,I,22,58,-20,100
28,s3,I,43,119,-45,207
28,s30,I,32,49,-20,101
28,s4,I,24,70,-21,115
28,s5,I,21,57,-20,98
28,s6,I,23,58,-21,102
28,s7,I,51,108,-45,204
28,s8,I,47,113,-42,202
28,s9,I,62,101,-44,207
29,s1,I,24,215,0,239
29,s10,I,11,129,0,140
29,s11,I,16,124,0,140
29,s12,I,28,113,0,141
29,s13,I,35,241,0,276
29,s14,I,21,308,0,329
29,s15,I,78,199,0,277
29,s16,I,13,127,0,140
29,s17,I,10,126,0,136
29,s18,I,38,97,0,135
29,s19,I,33,245,0,278
29,s2,I,29,253,0,282
29,s20,I,22,250,0,272
29,s21,I,89,179,0,268
29,s22,I,16,116,0,132
29,s23,I,12,120,0,132
29,s24,I,34,103,0,137
29,s25,I,36,219,0,255
29,s26,I,28,255,0,283
29,s27,I,104,172,0,276
29,s28,I,14,127,0,141
29,s29,I,13,124,0,137
29,s3,I,46,236,0,282
29,s30,I,40,97,0,137
29,s4,I,13,130,0,143
29,s5,I,16,124,0,140
29,s6,I,19,121,0,140
29,s7,I,28,255,0,283
29,s8,I,28,251,0,279
29,s9,I,64,219,0,283
30,s1,I,156,100,-25,281
30,s10,I,108,21,-12,141
30,s11,I,96,32,-13,141
30,s12,I,70,18,-53,141
30,s13,I,244,17,-24,285
30,s14,I,172,84,-26,282
30,s15,I,146,28,-110,284
30,s16,I,111,16,-12,139
30,s17,I,92,32,-13,137
30,s18,I,77,10,-53,140
30,s19,I,216,25,-25,266
30,s2,I,196,59,-30,285
30,s20,I,182,69,-25,276
30,s21,I,139,25,-105,269
30,s22,I,103,14,-12,129
30,s23,I,110,15,-12,137
30,s24,I,71,14,-52,137
30,s25,I,229,26,-23,278
30,s26,I,206,46,-26,278
30,s27,I,147,25,-108,280
30,s28,I,115,16,-11,142
30,s29,I,96,23,-13,132
30,s3,I,138,43,-104,285
30,s30,I,86,8,-48,142
30,s4,I,107,22,-12,141
30,s5,I,68,30,-42,140
30,s6,I,69,19,-52,140
30,s7,I,229,32,-24,285
30,s8,I,197,54,-30,281
30,s9,I,143,29,-108,280
31,s1,I,60,58,-163,281
31,s10,I,59,0,-82,141
31,s11,I,44,0,-96,140
31,s12,I,6,0,-133,139
31,s13,I,111,0,-167,278
31,s14,I,102,0,-177,279
31,s15,I,11,0,-268,279
31,s16,I,60,0,-78,138
31,s17,I,61,0,-78,139
31,s18,I,6,0,-132,138
31,s19,I,109,0,-166,275
31,s2,I,69,0,-211,280
31,s20,I,106,0,-174,280
31,s21,I,11,0,-261,272
31,s22,I,58,0,-77,135
31,s23,I,46,0,-94,140
31,s24,I,9,0,-132,141
31,s25,I,101,0,-175,276
31,s26,I,70,0,-209,279
31,s27,I,10,0,-267,277
31,s28,I,59,0,-83,142
31,s29,I,48,0,-91,139
31,s3,I,15,0,-270,285
31,s30,I,7,0,-131,138
31,s4,I,55,0,-87,142
31,s5,I,5,0,-130,135
31,s6,I,8,0,-133,141
31,s7,I,112,0,-171,283
31,s8,I,54,0,-224,278
31,s9,I,6,0,-269,275
32,s1,I,23,264,0,287
32,s10,I,12,131,0,143
32,s11,I,10,132,0,142
32,s12,I,13,129,0,142
32,s13,I,26,244,0,270
32,s14,I,21,264,0,285
32,s15,I,26,257,0,283
32,s16,I,13,128,0,141
32,s17,I,11,130,0,141
32,s18,I,15,128,0,143
32,s19,I,23,256,0,279
32,s2,I,22,264,0,286
32,s20,I,20,259,0,279
32,s21,I,25,254,0,279
32,s22,I,12,125,0,137
32,s23,I,11,131,0,142
32,s24,I,13,129,0,142
32,s25,I,26,265,0,291
32,s26,I,23,263,0,286
32,s27,I,29,258,0,287
32,s28,I,12,129,0,141
32,s29,I,12,130,0,142
32,s3,I,24,264,0,288
32,s30,I,15,127,0,142
32,s4,I,11,151,0,162
32,s5,I,11,131,0,142
32,s6,I,12,127,0,139
32,s7,I,26,259,0,285
32,s8,I,23,256,0,279
32,s9,I,22,269,0,291
33,s1,I,41,245,0,286
33,s10,I,22,119,0,141
33,s11,I,12,131,0,143
33,s12,I,13,130,0,143
33,s13,I,58,225,0,283
33,s14,I,20,264,0,284
33,s15,I,36,246,0,282
33,s16,I,25,115,0,140
33,s17,I,13,127,0,140
33,s18,I,21,120,0,141
33,s19,I,56,224,0,280
33,s2,I,28,259,0,287
33,s20,I,24,256,0,280
33,s21,I,44,236,0,280
33,s22,I,24,111,0,135
33,s23,I,17,125,0,142
33,s24,I,21,120,0,141
33,s25,I,57,229,0,286
33,s26,I,38,248,0,286
33,s27,I,50,235,0,285
33,s28,I,26,117,0,143
33,s29,I,17,122,0,139
33,s3,I,26,254,0,280
33,s30,I,23,119,0,142
33,s4,I,29,214,0,243
33,s5,I,9,133,0,142
33,s6,I,6,150,0,156
33,s7,I,47,240,0,287
33,s8,I,30,246,0,276
33,s9,I,32,252,0,284
34,s1,I,22,264,0,286
34,s10,I,6,137,0,143
34,s11,I,0,143,0,143
34,s12,I,7,137,0,144
34,s13,I,34,253,0,287
34,s14,I,0,288,0,288
34,s15,I,21,261,0,282
34,s16,I,11,133,0,144
34,s17,I,0,139,0,139
34,s18,I,11,131,0,142
34,s19,I,27,254,0,281
34,s2,I,6,279,0,285
34,s20,I,0,278,0,278
34,s21,I,28,254,0,282
34,s22,I,13,127,0,140
34,s23,I,8,136,0,144
34,s24,I,10,130,0,140
34,s25,I,35,252,0,287
34,s26,I,14,266,0,280
34,s27,I,34,251,0,285
34,s28,I,14,129,0,143
34,s29,I,8,132,0,140
34,s3,I,7,276,0,283
34,s30,I,17,127,0,144
34,s4,I,0,246,0,246
34,s5,I,0,144,0,144
34,s6,I,0,141,0,141
34,s7,I,26,260,0,286
34,s8,I,18,264,0,282
34,s9,I,17,267,0,284
35,s1,I,86,171,-30,287
35,s10,I,51,85,-7,143
35,s11,I,44,86,-12,142
35,s12,I,30,85,-28,143
35,s13,I,100,159,-28,287
35,s14,I,102,173,-12,287
35,s15,I,54,163,-69,286
35,s16,I,59,82,-2,143
35,s17,I,55,81,-3,139
35,s18,I,30,83,-30,143
35,s19,I,104,150,-19,273
35,s2,I,65,168,-53,286
35,s20,I,108,166,-7,281
35,s21,I,52,162,-68,282
35,s22,I,52,80,-8,140
35,s23,I,53,82,-7,142
35,s24,I,35,82,-25,142
35,s25,I,91,155,-30,276
35,s26,I,101,162,-22,285
35,s27,I,51,161,-73,285
35,s28,I,53,80,-8,141
35,s29,I,53,79,-7,139
35,s3,I,43,173,-69,285
35,s30,I,36,79,-25,140
35,s4,I,76,146,-21,243
35,s5,I,30,83,-28,141
35,s6,I,33,82,-25,140
35,s7,I,95,168,-23,286
35,s8,I,85,161,-34,280
35,s9,I,52,158,-65,275
36,s1,I,54,233,0,287
36,s10,I,31,110,0,141
36,s11,I,37,106,0,143
36,s12,I,59,84,0,143
36,s13,I,132,152,0,284
36,s14,I,55,230,0,285
36,s15,I,132,151,0,283
36,s16,I,41,102,0,143
36,s17,I,26,114,0,140
36,s18,I,67,73,0,140
36,s19,I,125,156,0,281
36,s2,I,110,176,0,286
36,s20,I,48,225,0,273
36,s21,I,135,148,0,283
36,s22,I,63,78,0,141
36,s23,I,51,93,0,144
36,s24,I,67,76,0,143
36,s25,I,149,107,0,256
36,s26,I,101,184,0,285
36,s27,I,148,138,0,286
36,s28,I,67,74,0,141
36,s29,I,47,90,0,137
36,s3,I,96,165,0,261
36,s30,I,72,68,0,140
36,s4,I,52,196,0,248
36,s5,I,43,98,0,141
36,s6,I,48,94,0,142
36,s7,I,86,201,0,287
36,s8,I,85,196,0,281
36,s9,I,124,158,0,282
37,s1,I,47,239,0,286
37,s10,I,26,114,0,140
37,s11,I,24,116,0,140
37,s12,I,68,76,0,144
37,s13,I,79,205,0,284
37,s14,I,50,233,0,283
37,s15,I,151,130,-4,285
37,s16,I,29,113,0,142
37,s17,I,22,120,0,142
37,s18,I,88,55,0,143
37,s19,I,74,205,0,279
37,s2,I,83,203,0,286
37,s20,I,40,244,0,284
37,s21,I,171,111,-3,285
37,s22,I,40,99,0,139
37,s23,I,39,103,0,142
37,s24,I,80,59,0,139
37,s25,I,96,176,0,272
37,s26,I,75,209,0,284
37,s27,I,181,99,0,280
37,s28,I,42,99,0,141
37,s29,I,35,100,0,135
37,s3,I,120,161,-4,285
37,s30,I,95,47,0,142
37,s4,I,38,205,0,243
37,s5,I,45,99,0,144
37,s6,I,66,77,0,143
37,s7,I,66,219,0,285
37,s8,I,79,213,0,292
37,s9,I,155,123,-5,283
38,s1,I,29,233,-25,287
38,s10,I,21,110,-11,142
38,s11,I,29,102,-11,142
38,s12,I,61,65,-15,141
38,s13,I,49,172,-18,239
38,s14,I,61,196,-19,276
38,s15,I,129,121,-38,288
38,s16,I,26,104,-11,141
38,s17,I,27,104,-9,140
38,s18,I,66,59,-15,140
38,s19,I,65,190,-24,279
38,s2,I,60,196,-29,285
38,s20,I,57,209,-18,284
38,s21,I,135,113,-38,286
38,s22,I,34,96,-12,142
38,s23,I,48,88,-8,144
38,s24,I,69,59,-15,143
38,s25,I,99,158,-29,286
38,s26,I,91,172,-21,284
38,s27,I,143,105,-35,283
38,s28,I,33,97,-12,142
38,s29,I,43,86,-9,138
38,s3,I,107,145,-34,286
38,s30,I,74,53,-15,142
38,s4,I,45,181,-19,245
38,s5,I,41,86,-14,141
38,s6,I,53,76,-15,144
38,s7,I,44,219,-24,287
38,s8,I,62,184,-26,272
38,s9,I,118,127,-37,282
39,s1,I,84,180,-21,285
39,s10,I,52,79,-10,141
39,s11,I,62,66,-11,139
39,s12,I,62,50,-30,142
39,s13,I,118,114,-16,248
39,s14,I,125,135,-23,283
39,s15,I,114,96,-74,284
39,s16,I,63,70,-9,142
39,s17,I,69,61,-9,139
39,s18,I,60,47,-35,142
39,s19,I,144,116,-17,277
39,s2,I,105,145,-35,285
39,s20,I,138,122,-20,280
39,s21,I,116,91,-76,283
39,s22,I,73,57,-7,137
39,s23,I,77,51,-12,140
39,s24,I,65,46,-28,139
39,s25,I,154,90,-15,259
39,s26,I,157,103,-24,284
39,s27,I,106,90,-74,270
39,s28,I,84,50,-8,142
39,s29,I,77,47,-9,133
39,s3,I,122,103,-42,267
39,s30,I,73,40,-29,142
39,s4,I,80,125,-11,216
39,s5,I,66,52,-25,143
39,s6,I,63,51,-27,141
39,s7,I,99,165,-19,283
39,s8,I,117,134,-27,278
39,s9,I,118,99,-64,281
40,s1,I,43,223,-18,284
40,s10,I,24,107,-8,139
40,s11,I,23,111,-8,142
40,s12,I,77,56,-8,141
40,s13,I,53,207,-22,282
40,s14,I,45,222,-14,281
40,s15,I,155,109,-18,282
40,s16,I,23,107,-8,138
40,s17,I,21,110,-8,139
40,s18,I,80,49,-9,138
40,s19,I,53,201,-20,274
40,s2,I,49,217,-19,285
40,s20,I,45,221,-14,280
40,s21,I,161,110,-18,289
40,s22,I,24,103,-9,136
40,s23,I,27,104,-8,139
40,s24,I,82,50,-9,141
40,s25,I,60,182,-16,258
40,s26,I,51,213,-14,278
40,s27,I,155,92,-19,266
40,s28,I,28,100,-9,137
40,s29,I,25,103,-4,132
40,s3,I,93,175,-13,281
40,s30,I,87,44,-10,141
40,s4,I,24,108,-8,140
40,s5,I,26,103,-8,137
40,s6,I,44,88,-7,139
40,s7,I,49,217,-18,284
40,s8,I,47,210,-16,273
40,s9,I,126,131,-20,277
41,s1,I,74,211,0,285
41,s10,I,36,104,0,140
41,s11,I,43,99,0,142
41,s12,I,75,66,0,141
41,s13,I,82,194,0,276
41,s14,I,76,207,0,283
41,s15,I,164,118,0,282
41,s16,I,37,104,0,141
41,s17,I,37,94,0,131
41,s18,I,82,56,0,138
41,s19,I,79,201,0,280
41,s2,I,87,195,-5,287
41,s20,I,76,204,0,280
41,s21,I,188,95,0,283
41,s22,I,40,98,0,138
41,s23,I,46,98,0,144
41,s24,I,91,51,0,142
41,s25,I,82,183,0,265
41,s26,I,90,188,0,278
41,s27,I,190,84,0,274
41,s28,I,45,97,0,142
41,s29,I,43,93,0,136
41,s3,I,115,168,-1,284
41,s30,I,103,38,0,141
41,s4,I,38,103,0,141
41,s5,I,49,92,0,141
41,s6,I,60,81,0,141
41,s7,I,79,206,0,285
41,s8,I,84,192,0,276
41,s9,I,134,143,-3,280
42,s1,I,66,46,-5,117
42,s10,I,40,20,0,60
42,s11,I,39,19,0,58
42,s12,I,39,19,-1,59
42,s13,I,80,37,-1,118
42,s14,I,76,43,0,119
42,s15,I,78,39,-2,119
42,s16,I,39,20,0,59
42,s17,I,39,21,0,60
42,s18,I,40,19,0,59
42,s19,I,82,38,0,120
42,s2,I,73,24,-7,104
42,s20,I,77,42,0,119
42,s21,I,79,38,-3,120
42,s22,I,42,18,0,60
42,s23,I,43,17,0,60
42,s24,I,39,17,0,56
42,s25,I,82,36,0,118
42,s26,I,83,35,0,118
42,s27,I,82,37,0,119
42,s28,I,40,18,0,58
42,s29,I,41,17,0,58
42,s3,I,67,48,-5,120
42,s30,I,38,19,-1,58
42,s4,I,36,22,-1,59
42,s5,I,37,22,-1,60
42,s6,I,34,24,-1,59
42,s7,I,78,41,0,119
42,s8,I,75,42,-1,118
42,s9,I,74,40,-6,120
